Molecule ChEMBL ID,Standard Value,Calculated pChEMBL,index,Smiles
CHEMBL1173811,16100.0,4.79,600,O=C(O)c1ccccc1-c1ccccc1C(=O)Nc1cc2c3ccccc3ccc2c2ccccc12
CHEMBL1194871,330000.0,3.48,552,Clc1ccc(-c2[nH]nc3c2CNCC3)cc1
CHEMBL1197658,16400.0,4.79,142,Cc1cccc(Nc2nc(NCc3ccco3)c3ccccc3n2)c1
CHEMBL1198227,9700.0,5.01,375,Clc1cccc(Nc2nc(NCc3ccco3)c3ccccc3n2)c1
CHEMBL1314048,350000.0,3.46,341,Nc1nc2ccccc2n1Cc1ccc(Cl)cc1
CHEMBL1399619,29100.0,4.54,288,O=C1c2ccccc2C(=O)c2c1ccc(C(=O)O)c2-c1ccc2ccccc2c1
CHEMBL1624889,63000.0,4.2,368,Fc1ccc(CN2C3=NCCCN3c3ccccc32)cc1
CHEMBL1740406,23200.0,4.63,523,Cc1cc2c(cc1C)N(Cc1ccccc1)C1=NCCCN12
CHEMBL1988909,10167.68,4.99,190,O=C1Oc2ccccc2C(=O)/C1=C/N1C(=O)/C(=C/c2ccc([N+](=O)[O-])cc2)SC1=S
CHEMBL2086797,25000.0,4.6,1,CC[C@H](C)[C@H](NC(=O)CN1C/C=C\CCC(=O)N[C@@H](Cc2ccccc2)C(=O)N[C@@H](CCC(=O)O)C1=O)C(=O)N[C@@H](Cc1ccc(O)cc1)C(=O)N[C@@H](CCCNC(=N)N)C(=O)N[C@@H](CC(C)C)C(=O)N[C@@H](CCC(=O)O)C(=O)N[C@@H](CC(C)C)C(=O)N[C@@H](CC(C)C)C(=O)N[C@@H](CCCCN)C(=O)N[C@@H](C)C(=O)N[C@@H](CCC(=O)O)C(=O)N[C@@H](CCC(=O)O)C(=O)N[C@@H](C)C(=O)N[C@@H](CC(N)=O)C(N)=O
CHEMBL4160162,8500.0,5.07,55,COc1ccc2[nH]cc(C[C@H](N)C(=O)NC3CCN(Cc4c[nH]c5ccc(Cl)cc45)CC3)c2c1
CHEMBL4160484,1400.0,5.85,601,N[C@@H](Cc1c[nH]c2cc(Cl)ccc12)C(=O)NC1CCN(Cc2c[nH]c3ccc(Cl)cc23)CC1
CHEMBL4160864,37300.0,4.43,399,N[C@@H](Cc1c[nH]c2ccccc12)C(=O)N1CCC2(CC1)CN(Cc1c[nH]c3ccc(Cl)cc13)C2
CHEMBL4162049,5900.0,5.23,820,Cc1ccc2[nH]cc(C[C@H](N)C(=O)NC3CCN(Cc4c[nH]c5ccc(Cl)cc45)CC3)c2c1
CHEMBL4162765,4400.0,5.36,856,Cc1ccc2c(C[C@H](N)C(=O)N3CC4CN(Cc5c[nH]c6ccc(Cl)cc56)CC4C3)c[nH]c2c1
CHEMBL4163523,14200.0,4.85,827,N[C@@H](Cc1c[nH]c2ccccc12)C(=O)NC1CCN(Cc2c[nH]c3ccc(Br)cc23)CC1
CHEMBL4164266,4500.0,5.35,50,N[C@@H](Cc1c[nH]c2ccccc12)C(=O)N1CCC2(CN(Cc3c[nH]c4ccc(Cl)cc34)C2)C1
CHEMBL4164690,800.0,6.1,73,N[C@@H](Cc1c[nH]c2cc(Cl)ccc12)C(=O)N1CC2CN(Cc3c[nH]c4ccc(Cl)cc34)CC2C1
CHEMBL4165869,9600.0,5.02,850,N[C@@H](Cc1c[nH]c2ccccc12)C(=O)NC1CCN(Cc2c[nH]c3ccc(Cl)cc23)CC1
CHEMBL4166974,25100.0,4.6,821,Cc1ccc2[nH]cc(CN3CCC(NC(=O)[C@@H](N)Cc4c[nH]c5ccccc45)CC3)c2c1
CHEMBL4167406,15100.0,4.82,766,COc1ccc2c(C[C@H](N)C(=O)NC3CCN(Cc4c[nH]c5ccc(Cl)cc45)CC3)c[nH]c2c1
CHEMBL4167713,1600.0,5.8,650,N[C@@H](Cc1c[nH]c2ccc(Cl)cc12)C(=O)NC1CCN(Cc2c[nH]c3ccc(Cl)cc23)CC1
CHEMBL4168133,800.0,6.1,63,N[C@@H](Cc1c[nH]c2cc(Cl)ccc12)C(=O)N1CCC2(CC1)CCN2Cc1c[nH]c2ccc(Cl)cc12
CHEMBL4170697,2900.0,5.54,846,N[C@@H](Cc1c[nH]c2ccccc12)C(=O)N1CCC2(CC1)CCN2Cc1c[nH]c2ccc(Cl)cc12
CHEMBL4170802,11200.0,4.95,719,N[C@@H](Cc1c[nH]c2ccccc12)C(=O)NC1CCN(Cc2c[nH]c3ccc(C(F)(F)F)cc23)CC1
CHEMBL4171085,13300.0,4.88,11,N[C@@H](Cc1c[nH]c2ccccc12)C(=O)NCC1CCN(Cc2c[nH]c3ccc(Cl)cc23)CC1
CHEMBL4172148,6700.0,5.17,74,N[C@@H](Cc1c[nH]c2ccccc12)C(=O)N1CC2CN(Cc3c[nH]c4ccc(Cl)cc34)CC2C1
CHEMBL4172582,800.0,6.1,730,Cc1ccc2c(C[C@H](N)C(=O)N3CCC4(CC3)CCN4Cc3c[nH]c4ccc(Cl)cc34)c[nH]c2c1
CHEMBL4172730,6100.0,5.21,839,N[C@@H](Cc1c[nH]c2cc(C(F)(F)F)ccc12)C(=O)NC1CCN(Cc2c[nH]c3ccc(Cl)cc23)CC1
CHEMBL4174221,15900.0,4.8,28,N[C@@H](Cc1c[nH]c2ccccc12)C(=O)NC1CCN(Cc2c[nH]c3ccc(F)cc23)CC1
CHEMBL4175280,7800.0,5.11,69,N[C@@H](Cc1c[nH]c2ccc(C(F)(F)F)cc12)C(=O)NC1CCN(Cc2c[nH]c3ccc(Cl)cc23)CC1
CHEMBL4175584,3100.0,5.51,715,Cc1ccc2c(C[C@H](N)C(=O)NC3CCN(Cc4c[nH]c5ccc(Cl)cc45)CC3)c[nH]c2c1
CHEMBL4202637,200.0,6.7,131,Cc1cc(Cn2c(N3CCNCC3)nc3c(N4CCCCC4)cc(Cl)cc32)cc(C)c1F
CHEMBL4203017,11237.333333333334,4.95,170,Cc1cc(Cn2c(N3CC4(CNC4)C3)nc3c(-c4ccccc4Cl)cc(Cl)cc32)cc(C)c1F
CHEMBL4203080,12400.0,4.91,24,Cc1cc2nc(N3CCNCC3)n(Cc3ccc(Cl)cc3)c2cc1C
CHEMBL4203578,240.0,6.62,175,Cc1cc(Cn2c(N3CCNCC3)nc3c(N4CCC[C@@H]4CN)cc(Cl)cc32)cc(C)c1F
CHEMBL4203601,1900.0,5.72,510,Cc1cc2nc(NCCN)n(Cc3ccc(F)c(Cl)c3)c2cc1C
CHEMBL4203733,19666.666666666668,4.71,101,Cc1cc2nc(N)n(Cc3ccc(F)c(Cl)c3)c2cc1C
CHEMBL4203773,25933.333333333332,4.59,189,Fc1ccc(Cn2c(N3CCNCC3)nc3ccccc32)cc1Cl
CHEMBL4204279,26000.0,4.59,726,Cc1cc2nc(N3CCN(C)CC3)n(Cc3ccc(F)c(Cl)c3)c2cc1C
CHEMBL4204326,3000.0,5.52,129,Cc1cc2nc(N3CCNCC3)n(Cc3ccc(F)c(Cl)c3)c2cc1Cl
CHEMBL4204468,450.0,6.35,812,Cc1cc(Cn2c(N3CCNCC3)nc3c(-c4cccnn4)cc(Cl)cc32)cc(C)c1F
CHEMBL4204856,440.0,6.36,788,Cc1cc(Cn2c(N3CCNCC3)nc3c(-c4ccccc4C4CCC4)cc(Cl)cc32)cc(C)c1F
CHEMBL4204971,140.0,6.85,139,Cc1cc(Cn2c(N3CCNCC3)nc3c(-c4ccccc4CO)cc(Cl)cc32)cc(C)c1F
CHEMBL4205351,150.0,6.82,114,Cc1cc(Cn2c(N3CCNCC3)nc3c(-c4ccccc4C(F)(F)F)cc(Cl)cc32)cc(C)c1F
CHEMBL4205543,250.0,6.6,806,Cc1cc(Cn2c(N3CCNCC3)nc3c(C4=CCNCC4)cc(Cl)cc32)cc(C)c1F
CHEMBL4205896,180.0,6.74,641,Cc1cc(Cn2c(N3CCNCC3)nc3c(-c4cn[nH]c4)cc(Cl)cc32)cc(C)c1F
CHEMBL4206057,380.0,6.42,493,Cc1cc(Cn2c(N3CCNCC3)nc3c(N4CCC[C@@H]4CO)cc(Cl)cc32)cc(C)c1F
CHEMBL4206374,210.0,6.68,251,Cc1ccccc1-c1cc(Cl)cc2c1nc(N1CCNCC1)n2Cc1cc(C)c(F)c(C)c1
CHEMBL4207431,19600.0,4.71,572,Cc1cc2nc(N3CCNCC3)n(Cc3ccc(C(F)(F)F)cc3)c2cc1C
CHEMBL4207854,350.0,6.46,18,Cc1cc(Cn2c(N3CCNCC3)nc3c(-c4cncnc4)cc(Cl)cc32)cc(C)c1F
CHEMBL4207963,5900.0,5.23,99,Cc1cc2nc(N3CCNCC3)n(Cc3ccc(F)cc3)c2cc1C
CHEMBL4208139,4400.0,5.36,573,Fc1ccc(Cn2c(N3CCNCC3)nc3ccc(C(F)(F)F)cc32)cc1Cl
CHEMBL4208653,2400.0,5.62,370,Cc1ccc2nc(N3CCNCC3)n(Cc3ccc(F)c(Cl)c3)c2c1
CHEMBL4208983,7070.666666666667,5.15,178,Cc1cc(Cn2c(N3CC4(CNC4)C3)nc3c(-c4cnc(N)nc4C)cc(Cl)cc32)cc(C)c1F
CHEMBL4209338,330.0,6.48,786,Cc1cc(Cn2c(N3CCNCC3)nc3c(-c4cccnc4)cc(Cl)cc32)cc(C)c1F
CHEMBL4209734,390.0,6.41,229,Cc1cc(Cn2c(N3CCNCC3)nc3c(-c4ccccc4C(C)C)cc(Cl)cc32)cc(C)c1F
CHEMBL4209907,130.0,6.89,473,Cc1cc(Cn2c(N3CCNCC3)nc3c(N4CCOCC4)cc(Cl)cc32)cc(C)c1F
CHEMBL4209928,4100.0,5.39,557,Cc1cc2nc(N3CCNCC3)n(Cc3ccc(F)c(C)c3)c2cc1C
CHEMBL4210108,210.0,6.68,228,CCc1ccccc1-c1cc(Cl)cc2c1nc(N1CCNCC1)n2Cc1cc(C)c(F)c(C)c1
CHEMBL4210312,13845.333333333334,4.86,179,Cc1nc(N)ncc1-c1cc(Cl)cc2c1nc(N1CC3(CNC3)C1)n2Cc1ccc(F)cc1
CHEMBL4210407,1050.0,5.98,472,Cc1cc(Cn2c(N3CCNCC3)nc3c(-c4ccc(C(F)(F)F)cc4)cc(Cl)cc32)cc(C)c1F
CHEMBL4210420,240.0,6.62,367,Cc1cc(Cn2c(N3CCNCC3)nc3c(N4CCC(N)CC4)cc(Cl)cc32)cc(C)c1F
CHEMBL4210563,8500.0,5.07,223,Cc1cc2nc(N3CCCNCC3)n(Cc3ccc(F)c(Cl)c3)c2cc1C
CHEMBL4210860,17533.333333333332,4.76,132,Cc1cc2nc(N3CCNCC3)n(Cc3ccc(F)c(Cl)c3)c2cc1C
CHEMBL4211544,8100.0,5.09,807,Cc1cc2nc(N3CCNCC3)n(Cc3ccc(F)c(C(F)(F)F)c3)c2cc1C
CHEMBL4212206,7600.0,5.12,94,Cc1cc(Cn2c(N3CCNCC3)nc3c(-c4cncnc4C(C)C)cc(Cl)cc32)cc(C)c1F
CHEMBL4212337,36600.0,4.44,327,Cc1ccc(Cn2c(N3CCNCC3)nc3cc(C)c(C)cc32)cc1
CHEMBL4212509,1300.0,5.89,220,Fc1ccc(Cn2c(N3CCNCC3)nc3ccc(Br)cc32)cc1Cl
CHEMBL4212702,25293.333333333332,4.6,427,Cc1ncncc1-c1cc(Cl)cc2c1nc(N1CC3(CNC3)C1)n2Cc1ccc(F)cc1
CHEMBL4212756,390.0,6.41,813,Cc1cc(Cn2c(N3CCNCC3)nc3c(-c4cnccn4)cc(Cl)cc32)cc(C)c1F
CHEMBL4213025,5314.666666666667,5.27,31,Cc1cc(Cn2c(N3CC4(CNC4)C3)nc3c(N4CCN(C)CC4)cc(Cl)cc32)cc(C)c1F
CHEMBL4213053,24300.0,4.61,431,Fc1ccc(Cn2c(N3CCNCC3)nc3ccc(C4CC4)cc32)cc1Cl
CHEMBL4213612,270.0,6.57,564,Cc1cc(Cn2c(N3CCNCC3)nc3c(-c4ccccc4)cc(Cl)cc32)cc(C)c1F
CHEMBL4214176,15973.333333333334,4.8,20,Cc1cc(Cn2c(N3CCNCC3)nc3c(-c4ccccc4Cl)cc(Cl)cc32)cc(C)c1F
CHEMBL4214306,300.0,6.52,92,Cc1cc(Cn2c(N3CCNCC3)nc3c(-c4c(C)cccc4C)cc(Cl)cc32)cc(C)c1F
CHEMBL4214703,11736.333333333334,4.93,19,Cc1cc(Cn2c(N3CC4(CNC4)C3)nc3c(-c4c(C)n[nH]c4C)cc(Cl)cc32)cc(C)c1F
CHEMBL4214821,3395.0,5.47,177,Cc1cc(Cn2c(N3CCNCC3)nc3c(N4CCN(C)CC4)cc(Cl)cc32)cc(C)c1F
CHEMBL4214844,5900.0,5.23,369,Cc1cc2nc(N3CCNCC3)n(Cc3ccc(F)c(F)c3)c2cc1C
CHEMBL4215257,3546.6666666666665,5.45,102,Cc1cc(Cn2c(N3CCNCC3)nc3c(N4CCC[C@H]4CN)cc(Cl)cc32)cc(C)c1F
CHEMBL4215515,6600.0,5.18,517,Cc1cc2nc(N3CCC(N)CC3)n(Cc3ccc(F)c(Cl)c3)c2cc1C
CHEMBL4215811,5600.0,5.25,360,Cc1cc2nc(C3CCNCC3)n(Cc3ccc(F)c(Cl)c3)c2cc1C
CHEMBL4215883,9038.666666666666,5.04,372,Cc1cc(Cn2c(N3CC4(CNC4)C3)nc3c(-c4cncnc4C)cc(Cl)cc32)cc(C)c1F
CHEMBL4215951,37100.0,4.43,34,Cc1cc2nc(NC3CCNCC3)n(Cc3ccc(F)c(Cl)c3)c2cc1C
CHEMBL4215997,3700.0,5.43,349,Cc1cc2nc(N3CCNCC3)n(Cc3cc(C)c(F)c(C)c3)c2cc1C
CHEMBL4216515,11700.0,4.93,118,Cc1cc2nc(N3CCNCC3)n(Cc3ccc(F)c(C4CC4)c3)c2cc1C
CHEMBL4216651,240.0,6.62,176,Cc1cc(Cn2c(N3CCNCC3)nc3c(-c4ccncc4)cc(Cl)cc32)cc(C)c1F
CHEMBL4217068,670.0,6.17,371,Cc1cc(Cn2c(N3CCNCC3)nc3c(-c4cccc(C(F)(F)F)c4)cc(Cl)cc32)cc(C)c1F
CHEMBL4217185,8270.0,5.08,36,Cc1cc(Cn2c(N3CCNCC3)nc3c(-c4cncnc4C)cc(Cl)cc32)cc(C)c1F
CHEMBL4217465,1000.0,6.0,252,Fc1ccc(Cn2c(N3CCNCC3)nc3ccc(Cl)cc32)cc1Cl
CHEMBL4217599,12300.0,4.91,569,Cc1cc(Cn2c(N3CCNCC3)nc3c(-c4c(C)n[nH]c4C)cc(Cl)cc32)cc(C)c1F
CHEMBL4217774,310.0,6.51,361,Cc1cc(Cn2c(N3CCNCC3)nc3c(N4CCC[C@H]4CO)cc(Cl)cc32)cc(C)c1F
CHEMBL4218552,12053.333333333334,4.92,17,Cc1cc(Cn2c(N3CCNCC3)nc3ccc(Cl)cc32)cc(C)c1F
CHEMBL4237333,6200.0,5.21,783,CC[C@@H](Nc1nc(Nc2ccc(F)c(Cl)c2)nc2ccccc12)C1CC1
CHEMBL4237599,21900.0,4.66,306,CCC(CC)Nc1nc(Nc2ccc(F)c(Cl)c2)nc2ccccc12
CHEMBL4237885,7100.0,5.15,831,Brc1cccc(Nc2nc(NCc3ccco3)c3ccccc3n2)c1
CHEMBL4238147,2700.0,5.57,559,C[C@@H](Nc1nc(Nc2ccc(F)c(Cl)c2)nc2c(CCN)cccc12)C1CC1
CHEMBL4239768,4200.0,5.38,706,C[C@@H](Nc1nc(Nc2ccc(F)c(Cl)c2)nc2c(N3CCNCC3)cccc12)C1CC1
CHEMBL4239886,1100.0,5.96,181,C[C@@H](Nc1nc(Nc2ccc(F)c(Cl)c2)nc2c(C3=CCN(C)CC3)cccc12)C1CC1
CHEMBL4241069,2500.0,5.6,439,CCC[C@@H](Nc1nc(Nc2ccc(F)c(Cl)c2)nc2ccccc12)C1CC1
CHEMBL4242100,44200.0,4.35,146,Fc1ccc(Nc2nc(NCC3CCC3)c3ccccc3n2)cc1Cl
CHEMBL4242567,16300.0,4.79,359,Fc1ccc(Nc2nc(NCC3CC3)c3ccccc3n2)cc1Cl
CHEMBL4243567,1800.0,5.74,500,C[C@@H](Nc1nc(Nc2ccc(F)c(Cl)c2)nc2c(C3=CCNCC3)cccc12)C1CC1
CHEMBL4243577,3000.0,5.52,705,C[C@@H](Nc1nc(Nc2ccc(F)c(Cl)c2)nc2c(C3CNC3)cccc12)C1CC1
CHEMBL4243999,6600.0,5.18,841,C[C@@H](Nc1nc(Nc2ccc(F)c(Cl)c2)nc2c(NCCN)cccc12)C1CC1
CHEMBL4245081,6400.0,5.19,840,C[C@@H](Nc1nc(Nc2ccc(F)c(Cl)c2)nc2ccccc12)C1CC1
CHEMBL4245906,13100.0,4.88,145,Fc1ccc(Nc2nc(NCc3ccco3)c3ccccc3n2)cc1Cl
CHEMBL4247794,2500.0,5.6,117,C[C@@H](Nc1nc(Nc2ccc(F)c(Cl)c2)nc2c(CN)cccc12)C1CC1
CHEMBL4248160,2000.0,5.7,309,C[C@@H](Nc1nc(Nc2ccc(F)c(Cl)c2)nc2c(CC3CNC3)cccc12)C1CC1
CHEMBL4250348,7700.0,5.11,310,C[C@@H](Nc1nc(Nc2ccc(F)c(Cl)c2)nc2c(NCCN(C)C)cccc12)C1CC1
CHEMBL4435342,8.0,8.1,741,COc1cc2nc(C)nc(N[C@H](C)c3cccc(C(C)(C)O)c3)c2cc1[C@H]1CC[C@H](C(=O)N(C)C)CC1
CHEMBL4435672,3.0,8.52,402,COc1cc2nc(C)nc(N[C@H](C)c3cc(N)cc(C(F)(F)F)c3)c2cc1O[C@H]1CCN(C(C)=O)C1
CHEMBL4435778,46.0,7.34,5,Cc1cccc([C@@H](C)Nc2nc(C)nc3ccc(-c4ccc(=O)n(C)c4)cc23)c1
CHEMBL4436096,44.0,7.36,729,Cc1cccc([C@@H](C)Nc2nc(C)nc3cc(C)c(-c4ccc(C(=O)N5CCOCC5)cc4)cc23)c1
CHEMBL4436318,6.0,8.22,156,COc1cc2nc(C)nc(N[C@H](C)c3cc(N)cc(C(F)(F)F)c3F)c2cc1C1CCS(=O)(=O)CC1
CHEMBL4436392,10.0,8.0,128,Cc1nc(N[C@H](C)c2cccc(C(F)(F)F)c2)c2cc([C@]3(O)CC[C@@H](O)CC3)ccc2n1
CHEMBL4436461,13.0,7.89,345,Cc1cccc([C@@H](C)Nc2nc(C)nc3ccc([C@H]4CC[C@H](C(=O)N(C)C)CC4)cc23)c1
CHEMBL4436478,17.0,7.77,618,CNC(=O)CC(C)c1cc2c(N[C@H](C)c3cccc(C(F)(F)F)c3)nc(C)nc2cc1OC
CHEMBL4436505,2.0,8.7,122,COc1cc2nc(C)nc(N[C@H](C)c3cc(N)cc(C(F)(F)F)c3C)c2cc1[C@H]1CC[C@H](C(=O)N(C)C)CC1
CHEMBL4438031,15.0,7.82,490,CC(=O)N1CCC(O)(c2ccc3nc(C)nc(N[C@H](C)c4cccc(C(F)(F)F)c4)c3c2)CC1
CHEMBL4438125,34.0,7.47,198,COc1cc2nc(C)nc(N[C@H](C)c3cccc(C)c3)c2cc1-c1ccc(C(=O)N(C)C)nc1
CHEMBL4439042,20.0,7.7,270,Cc1nc(N[C@H](C)c2cccc(C(F)(F)F)c2)c2cc([C@]3(O)CC[C@H](O)CC3)ccc2n1
CHEMBL4439239,28.0,7.55,753,Cc1cccc([C@@H](C)Nc2nc(C)nc3c(C)cc(C4CCN(CC(=O)O)CC4)cc23)c1
CHEMBL4439562,18.0,7.74,389,Cc1nc(N[C@H](C)c2cccc(C(F)(F)F)c2)c2cc(C3=CCNCC3)ccc2n1
CHEMBL4440619,25.0,7.6,152,Cc1cccc([C@@H](C)Nc2nc(C)nc3ccc([C@H]4CC[S@@](=N)(=O)CC4)cc23)c1
CHEMBL4441162,34.0,7.47,477,CONC(=O)CC(C)c1ccc2nc(C)nc(N[C@H](C)c3cccc(C(F)(F)F)c3)c2c1
CHEMBL4441565,3.0,8.52,282,Cc1nc(N[C@H](C)c2cc(N)cc(C(F)(F)F)c2)c2cc([C@H]3CC[C@H](C(=O)N(C)C)CC3)ccc2n1
CHEMBL4441648,3.0,8.52,110,CC(=O)N1CC[C@H](Oc2cc3c(N[C@H](C)c4cc(N)cc(C(F)(F)F)c4)nc(C)nc3cc2C)C1
CHEMBL4441820,4.0,8.4,619,Cc1nc(N[C@H](C)c2cc(N)cc(C(F)(F)F)c2C)c2cc(C3CCS(=O)(=O)CC3)ccc2n1
CHEMBL4442809,1.0,9.0,259,Cc1cccc([C@@H](C)Nc2nc(C)nc3ccc(-c4ccn(CC(=O)N(C)C)c(=O)c4)cc23)c1
CHEMBL4442848,3.0,8.52,467,CCC(=O)N1CC[C@H](Oc2cc3c(N[C@H](C)c4cc(N)cc(C(F)(F)F)c4)nc(C)nc3cc2C)C1
CHEMBL4443330,20.0,7.7,124,Cc1nc(N[C@H](C)c2cccc(C(F)(F)F)c2)c2cc([C@]3(O)CC[C@H](O)CC3)cc(C)c2n1
CHEMBL4443395,29.0,7.54,616,Cc1cccc([C@@H](C)Nc2nc(C)nc3ccc(C4CCS(=O)(=O)CC4)cc23)c1
CHEMBL4444096,49.0,7.31,41,Cc1cccc([C@@H](C)Nc2nc(C)nc3ccc(-c4cnn(CC(=O)N(C)C)c4)cc23)c1
CHEMBL4444961,19.0,7.72,3,Cc1nc(N[C@H](C)c2cccc(C(F)(F)F)c2)c2cc(C3=CCC(C(=O)N(C)C)CC3)ccc2n1
CHEMBL4445088,48.0,7.32,684,Cc1nc(N[C@H](C)c2cccc(C(F)(F)F)c2)c2cc(-c3ccc(=O)[nH]c3)ccc2n1
CHEMBL4445163,4.0,8.4,234,Cc1nc(N[C@H](C)c2cc(N)cc(C(F)(F)F)c2)c2cc(O[C@H]3CCN(C(=O)C4CC4)C3)c(C)cc2n1
CHEMBL4445184,7.0,8.15,155,Cc1nc(N[C@H](C)c2cc(N)cc(C(F)(F)F)c2)c2cc(-c3ccn(C)c(=O)c3)c(C)cc2n1
CHEMBL4445186,22.0,7.66,480,COc1cc2nc(C)nc(N[C@H](C)c3cc(N)cc(C(F)(F)F)c3)c2cc1[C@H]1CC[C@@H](C(=O)N2CCN(C)CC2)CC1
CHEMBL4445555,34.0,7.47,271,Cc1nc(N[C@H](C)c2cccc(C(F)(F)F)c2)c2cc(-c3cc4n(n3)CCC(=O)N4)c(C)cc2n1
CHEMBL4445660,26.0,7.59,489,CC(=O)N1CC2(C1)CC(O)(c1cc(C)c3nc(C)nc(N[C@H](C)c4cccc(C(F)(F)F)c4)c3c1)C2
CHEMBL4446100,34.0,7.47,392,Cc1cccc([C@@H](C)Nc2nc(C)nc3ccc([C@H]4CC[C@H](O)CC4)cc23)c1
CHEMBL4446624,23.0,7.64,453,COc1cc2nc(C)nc(N[C@H](C)c3cccc(C(F)(F)F)c3)c2cc1-c1ccc(C(=O)N(C)C)nc1
CHEMBL4447334,7.0,8.15,631,Cc1nc(N[C@H](C)c2cc(N)cc(C(F)(F)F)c2)c2cc(O[C@H]3CCOC3)c(C)cc2n1
CHEMBL4448274,34.0,7.47,302,COCC(=O)N1CCC(c2cc3c(N[C@H](C)c4cccc(C)c4)nc(C)nc3cc2C)CC1
CHEMBL4448891,4.0,8.4,403,COc1cc2nc(C)nc(N[C@H](C)c3cc(N)cc(C(F)(F)F)c3C)c2cc1O[C@H]1CCOC1
CHEMBL4449118,3.0,8.52,636,Cc1nc(N[C@H](C)c2cc(N)cc(C(F)(F)F)c2)c2cc(C3CCS(=O)(=O)CC3)c(C)cc2n1
CHEMBL4449483,4.0,8.4,620,Cc1nc(N[C@H](C)c2cc(N)cc(C(F)(F)F)c2)c2cc(C3CCS(=O)(=O)CC3)c(F)cc2n1
CHEMBL4449723,27.0,7.57,683,Cc1nc(N[C@H](C)c2cccc(C(F)(F)F)c2)c2cc(C3=CCC(C(=O)N4CCN(C)CC4)CC3)ccc2n1
CHEMBL4449786,2.0,8.7,159,COCC(=O)N1CC=C(c2cc3c(N[C@H](C)c4cccc(C(F)(F)CO)c4)nc(C)nc3cc2OC)CC1
CHEMBL4449876,6.0,8.22,83,CCn1cc(-c2cc3c(N[C@H](C)c4cc(N)cc(C(F)(F)F)c4)nc(C)nc3cc2C)ccc1=O
CHEMBL4449932,37.0,7.43,274,CNC(=O)Cn1cc(-c2ccc3nc(C)nc(N[C@H](C)c4cccc(C(F)(F)F)c4)c3c2)ccc1=O
CHEMBL4449981,2.0,8.7,213,COc1cc2nc(C)nc(N[C@H](C)c3cc(N)cc(C(F)(F)F)c3F)c2cc1[C@H]1CC[C@H](C(=O)N(C)C)CC1
CHEMBL4450467,18.0,7.74,408,Cc1cccc([C@@H](C)Nc2nc(C)nc3c(C)cc(C4CCN(C(C)C)CC4)cc23)c1
CHEMBL4451132,48.0,7.32,284,COc1cc2nc(C)nc(N[C@H](C)c3cccc(C(F)(F)F)c3)c2cc1-c1ccc(C(=O)N(C)C)c(C)c1
CHEMBL4451252,25.0,7.6,326,COc1cc2nc(C)nc(N[C@H](C)c3cc(N)cc(C(F)(F)F)c3)c2cc1[C@H]1CC[C@@H](C(=O)N2CCOCC2)CC1
CHEMBL4452078,28.0,7.55,303,Cc1cccc([C@@H](C)Nc2nc(C)nc3c(C)cc(C4CCN(C5CCOC5)CC4)cc23)c1
CHEMBL4452192,33.0,7.48,452,Cc1nc(N[C@H](C)c2cccc(C(F)(F)F)c2)c2cc(C3CCOCC3)ccc2n1
CHEMBL4453639,40.0,7.4,485,COc1cc2nc(C)nc(N[C@H](C)c3cccc(C(F)(F)F)c3)c2cc1-c1ccc(C(=O)N(C)CCO)cc1
CHEMBL4453641,18.0,7.74,580,Cc1nc(N[C@H](C)c2cc(N)cc(C(F)(F)F)c2)c2cc(-c3ccc(=O)n(C)c3)c(F)cc2n1
CHEMBL4455004,9.0,8.05,4,COCC(=O)N1CCC(O)(c2ccc3nc(C)nc(N[C@H](C)c4cccc(C(F)(F)F)c4)c3c2)CC1
CHEMBL4455684,28.0,7.55,162,COc1cc2nc(C)nc(N[C@H](C)c3cccc(C)c3)c2cc1-c1ccc(=O)[nH]c1
CHEMBL4455700,22.0,7.66,626,COCC(=O)N1CCC(c2ccc3nc(C)nc(N[C@H](C)c4cccc(C)c4)c3c2)CC1
CHEMBL4456066,2.0,8.7,404,COCC(=O)N1CCC(c2cc3c(N[C@H](C)c4cccc(C(F)(F)CO)c4)nc(C)nc3cc2OC)CC1
CHEMBL4456108,9.0,8.05,504,COc1cc2nc(C)nc(N[C@H](C)c3cccc(C)c3)c2cc1[C@H]1CC[C@H](C(=O)N(C)C)CC1
CHEMBL4456153,3.0,8.52,120,Cc1nc(N[C@H](C)c2cc(N)cc(C(F)(F)F)c2)c2cc([C@H]3CC[C@H](C(=O)N(C)CC(C)(C)O)CC3)ccc2n1
CHEMBL4456180,27.0,7.57,153,COc1cc2nc(C)nc(N[C@H](C)c3cccc(C)c3)c2cc1-c1ccc(=O)n(CC(=O)N(C)C)c1
CHEMBL4456784,27.0,7.57,413,COc1cc2nc(C)nc(N[C@H](C)c3cccc(C(F)(F)F)c3)c2cc1C1CCC(C(=O)N(C)CC(O)CO)CC1
CHEMBL4457382,39.0,7.41,479,COc1cc2nc(C)nc(N[C@H](C)c3cccc(C)c3)c2cc1-c1ccn(CC(=O)N(C)C)c(=O)c1
CHEMBL4459389,5.0,8.3,617,COc1cc2nc(C)nc(N[C@H](C)c3cccc(C(F)(F)F)c3F)c2cc1C1(O)CCC(C(=O)N(C)C)CC1
CHEMBL4459409,41.0,7.39,299,Cc1nc(N[C@H](C)c2cccc(C(F)(F)F)c2)c2cc(-c3cnn(CC(=O)N(C)C)c3)ccc2n1
CHEMBL4460133,27700.0,4.56,585,COc1cccc(/C=C2\NC(=S)N(/C=C3/C(=O)Oc4ccccc4C3=O)C2=O)c1O
CHEMBL4460195,3.0,8.52,578,COc1cc2nc(C)nc(N[C@H](C)c3cc(N)cc(C(F)(F)F)c3C)c2cc1[C@H]1CC[C@H](C(=O)N(C)CC(C)(C)O)CC1
CHEMBL4460443,24.0,7.62,625,CC(=O)N1CCC(c2cc(C)c3nc(C)nc(N[C@H](C)c4cccc(C)c4)c3c2)CC1
CHEMBL4460510,9.0,8.05,508,Cc1nc(N[C@H](C)c2cccc(C(F)(F)F)c2C)c2cc([C@]3(O)CC[C@@H](O)CC3)ccc2n1
CHEMBL4460996,38.0,7.42,161,COc1cc2nc(C)nc(N[C@H](C)c3cccc(C4(O)COC4)c3)c2cc1O[C@H]1CCOC1
CHEMBL4461311,4.0,8.4,240,Cc1nc(N[C@H](C)c2cc(N)cc(C(F)(F)F)c2)c2cc([C@H]3CC[C@H](C(=O)N(C)[C@H]4CCOC4)CC3)ccc2n1
CHEMBL4462016,13.0,7.89,468,COc1cc2nc(C)nc(N[C@H](C)c3cccc(C(F)(F)F)c3)c2cc1O[C@H]1CCN(C(C)=O)C1
CHEMBL4462383,3.0,8.52,629,CCN(C)C(=O)[C@H]1CC[C@H](c2ccc3nc(C)nc(N[C@H](C)c4cc(N)cc(C(F)(F)F)c4)c3c2)CC1
CHEMBL4462643,11.0,7.96,210,Cc1nc(N[C@H](C)c2cccc(C(F)(F)F)c2)c2cc(C3CCN(CC(=O)N(C)C)CC3)ccc2n1
CHEMBL4462950,4.0,8.4,191,Cc1nc(N[C@H](C)c2cc(N)cc(C(F)(F)F)c2)c2cc([C@H]3CC[C@@H](C(=O)N(C)C)CC3)cc(C)c2n1
CHEMBL4463184,36.0,7.44,209,Cc1cccc([C@@H](C)Nc2nc(C)nc3ccc([C@H]4CC[C@H](C(=O)N5CC(C#N)C5)CC4)cc23)c1
CHEMBL4463205,6.0,8.22,217,CC(=O)N1CC[C@H](Oc2cc3c(N[C@H](C)c4cc(N)cc(C(F)(F)F)c4)nc(C)nc3cc2F)C1
CHEMBL4464090,8.0,8.1,89,CONC(=O)CC(C)c1cc2c(N[C@H](C)c3cccc(C(F)(F)F)c3)nc(C)nc2cc1C
CHEMBL4464802,7.0,8.15,126,COc1cc2nc(C)nc(N[C@H](C)c3cccc(C(F)(F)F)c3)c2cc1[C@]1(O)CC[C@@H](C(=O)N(C)CCO)CC1
CHEMBL4465268,12.0,7.92,280,COc1cc2nc(C)nc(N[C@H](C)c3cccc(C)c3)c2cc1C1CCN(C(C)=O)CC1
CHEMBL4465802,2.0,8.7,461,COc1cc2nc(C)nc(N[C@H](C)c3cc(N)cc(C(F)(F)F)c3)c2cc1[C@H]1CC[C@H](C(=O)N2CCOCC2)CC1
CHEMBL4466264,43.0,7.37,405,Cc1nc(N[C@H](C)c2cc(N)cc(C(F)(F)F)c2)c2cc([C@H]3CC[C@@H](O)CC3)ccc2n1
CHEMBL4466637,46.0,7.34,635,Cc1cccc([C@@H](C)Nc2nc(C)nc3cc(C)c(C4CCNCC4)cc23)c1
CHEMBL4466752,7.0,8.15,348,Cc1nc(N[C@H](C)c2cc(N)cc(C(F)(F)F)c2)c2cc([C@H]3CC[C@@H](C(=O)N(C)CCO)CC3)ccc2n1
CHEMBL4467079,8.0,8.1,366,Cc1nc(N[C@H](C)c2cc(N)cc(C(F)(F)F)c2)c2cc([C@H]3CC[C@@H](C(=O)N4CCN(C)CC4)CC3)cc(C)c2n1
CHEMBL4467456,7.0,8.15,455,COc1c(C2(O)CCN(C(C)=O)CC2)cc2c(N[C@H](C)c3cccc(C(F)(F)F)c3F)nc(C)nc2c1C
CHEMBL4467575,34.0,7.47,411,COc1cc2nc(C)nc(N[C@H](C)c3cc(N)cc(C(F)(F)F)c3)c2cc1[C@H]1CC[C@@H](C(=O)N(C)C)CC1
CHEMBL4467720,18.0,7.74,648,COc1cc2nc(C)nc(N[C@H](C)c3cccc(C4(O)COC4)c3)c2cc1C1CCN(C(C)=O)CC1
CHEMBL4467754,24.0,7.62,579,Cc1nc(N[C@H](C)c2cccc(Cl)c2F)c2cc(C3=CCNCC3)ccc2n1
CHEMBL4467937,34.0,7.47,488,COc1cc2nc(C)nc(N[C@H](C)c3cccc(C4(O)COC4)c3)c2cc1C1=CCN(C(C)=O)CC1
CHEMBL4468458,19.0,7.72,466,Cc1nc(N[C@H](C)c2cccc(C(F)(F)F)c2)c2cc([C@H]3CC[C@H](C(=O)N4CC(F)C4)CC3)ccc2n1
CHEMBL4469357,2.0,8.7,81,COCC(=O)N1CCC(c2ccc3nc(C)nc(N[C@H](C)c4cc(N)cc(C(F)(F)F)c4)c3c2)CC1
CHEMBL4469774,7.0,8.15,615,Cc1nc(N[C@H](C)c2cc(N)cc(C(F)(F)F)c2)c2cc(-c3cc4n(n3)CCC(=O)N4)ccc2n1
CHEMBL4470459,18.0,7.74,509,COc1cc2nc(C)nc(N[C@H](C)c3cccc(C)c3)c2cc1C1CCS(=O)(=O)CC1
CHEMBL4470485,48.0,7.32,260,Cc1cccc([C@@H](C)Nc2nc(C)nc3ccc(-c4ccn(CC(=O)O)c(=O)c4)cc23)c1
CHEMBL4470667,13.0,7.89,196,COc1cc2nc(C)nc(N[C@H](C)c3cc(N)cc(C(F)(F)F)c3)c2cc1-c1ccc(=O)n(C(C)C)c1
CHEMBL4471328,7.0,8.15,157,Cc1nc(N[C@H](C)c2cc(N)cc(C(F)(F)F)c2)c2cc([C@H]3CC[C@@H](C(=O)N(C)C[C@@H](C)O)CC3)ccc2n1
CHEMBL4471363,34.0,7.47,743,COCC(=O)N1CCC(n2cc(-c3ccc4nc(C)nc(N[C@H](C)c5cccc(C)c5)c4c3)cn2)CC1
CHEMBL4471555,2.0,8.7,506,COc1cc2nc(C)nc(N[C@H](C)c3cccc(C(F)(F)CO)c3)c2cc1C1CCN(C(C)=O)CC1
CHEMBL4471945,18.0,7.74,622,Cc1cccc([C@@H](C)Nc2nc(C)nc3ccc([C@H]4CC[S@](=N)(=O)CC4)cc23)c1
CHEMBL4472469,11.0,7.96,300,Cc1nc(N[C@H](C)c2cc(N)cc(C(F)(F)F)c2)c2cc(C3=CCS(=O)(=O)CC3)cc(C)c2n1
CHEMBL4473214,36.0,7.44,457,Cc1cccc([C@@H](C)Nc2nc(C)nc3cc(C)c(-c4ccc(=O)n(C)c4)cc23)c1
CHEMBL4473906,8.0,8.1,235,COc1cc2nc(C)nc(N[C@H](C)c3cc(N)cc(C(F)(F)F)c3F)c2cc1-c1ccc(=O)n(C)c1
CHEMBL4474106,21.0,7.68,478,COc1cc2nc(C)nc(N[C@H](C)c3cccc(C(F)(F)F)c3)c2cc1C(C)CC(=O)NC1CC1
CHEMBL4474160,2.0,8.7,597,COCCN(C)C(=O)[C@H]1CC[C@H](c2ccc3nc(C)nc(N[C@H](C)c4cc(N)cc(C(F)(F)F)c4)c3c2)CC1
CHEMBL4474187,29.0,7.54,272,Cc1cccc([C@@H](C)Nc2nc(C)nc3ccc(-c4ccc(=O)[nH]c4)cc23)c1
CHEMBL4474479,3.0,8.52,258,COCC(=O)N1CCC(c2cc3c(N[C@H](C)c4cc(N)cc(C(F)(F)F)c4)nc(C)nc3cc2C)CC1
CHEMBL4475185,30.0,7.52,215,COc1cc2nc(C)nc(N[C@H](C)c3cccc(C)c3)c2cc1O[C@H]1CCN(C(C)=O)C1
CHEMBL4475551,2.0,8.7,279,COc1cc2nc(C)nc(N[C@H](C)c3cc(N)cc(C(F)(F)F)c3F)c2cc1C1CCN(C(C)=O)CC1
CHEMBL4475971,15300.0,4.82,698,O=C(O)c1ccccc1-c1c2ccccc2cc2c1ccc1ccccc12
CHEMBL4476158,43500.0,4.36,749,O=C(O)c1cc2c3c(c1)C1CCCCC1CN3C(c1ccccc1)C1CC=CC21
CHEMBL4476263,3.0,8.52,621,Cc1nc(N[C@H](C)c2cc(N)cc(C(F)(F)F)c2)c2cc(C3CCS(=O)(=O)CC3)ccc2n1
CHEMBL4476562,2.0,8.7,627,COc1cc2nc(C)nc(N[C@H](C)c3cccc(C(F)(F)CO)c3)c2cc1C1=CCN(C(C)=O)CC1
CHEMBL4476563,48.0,7.32,634,Cc1nc(N[C@H](C)c2cccc(C(F)(F)F)c2)c2cc(-c3cnn(C4CCNCC4)c3)ccc2n1
CHEMBL4476673,26.0,7.59,154,Cc1cccc([C@@H](C)Nc2nc(C)nc3ccc(-c4ccc(=O)n(CC(=O)N(C)C)c4)cc23)c1
CHEMBL4483763,10.0,8.0,599,COc1cc2nc(C)nc(N[C@H](C)c3cccc(C(F)(F)F)c3)c2cc1[C@]1(O)CC[C@@H](O)CC1
CHEMBL4513254,3.0,8.52,745,COCCN(C)C(=O)[C@H]1CC[C@H](c2cc3c(N[C@H](C)c4cc(N)cc(C(F)(F)F)c4)nc(C)nc3cc2OC)CC1
CHEMBL4513298,27.0,7.57,484,Cc1nc(N[C@H](C)c2cccc(C(F)(F)F)c2F)c2cc([C@]3(O)CC[C@H](O)CC3)ccc2n1
CHEMBL4514294,11.0,7.96,487,CC(=O)N1CC=C(c2ccc3nc(C)nc(N[C@H](C)c4cccc(C(F)(F)F)c4)c3c2)CC1
CHEMBL4515045,43.0,7.37,486,COc1cc(-c2cc3c(N[C@H](C)c4cccc(C(F)(F)F)c4)nc(C)nc3cc2OC)ccc1C(=O)N(C)C
CHEMBL4515122,35.0,7.46,482,COc1cc2nc(C)nc(N[C@H](C)c3cccc(C(F)(F)F)c3)c2cc1-c1ccc(C(=O)N(C)C)cn1
CHEMBL4515975,2.0,8.7,623,COc1cc2nc(C)nc(N[C@H](C)c3cc(N)cc(C(F)(F)F)c3)c2cc1[C@H]1CC[C@H](C(=O)N(C)C)CC1
CHEMBL4516767,25.0,7.6,277,Cc1cccc([C@@H](C)Nc2nc(C)nc3ccc([C@H]4CC[C@H](C(=O)N5CCC(O)C5)CC4)cc23)c1
CHEMBL4517368,20.0,7.7,84,Cc1nc(N[C@H](C)c2cccc(C(F)(F)F)c2)c2cc(C3(O)CCS(=O)(=O)CC3)ccc2n1
CHEMBL4517475,32.0,7.49,285,COC1CN(C(=O)[C@H]2CC[C@H](c3ccc4nc(C)nc(N[C@H](C)c5cccc(C(F)(F)F)c5)c4c3)CC2)C1
CHEMBL4517853,8.0,8.1,632,CC(=O)N1CCC(O)(c2cc(C)c3nc(C)nc(N[C@H](C)c4cccc(C(F)(F)F)c4)c3c2)CC1
CHEMBL4517886,6.0,8.22,456,COc1cc2nc(C)nc(N[C@H](C)c3cccc(C(F)(F)F)c3F)c2cc1[C@]1(O)CC[C@@H](O)CC1
CHEMBL4518543,9.0,8.05,261,COc1cc2nc(C)nc(N[C@H](C)c3cccc(C(F)(F)F)c3)c2cc1C1CCN(C(C)=O)CC1
CHEMBL4519023,5.0,8.3,287,COc1cc2nc(C)nc(N[C@H](C)c3cc(N)cc(C(F)(F)F)c3)c2cc1O[C@H]1CCOC1
CHEMBL4519580,11.0,7.96,754,Cc1nc(N[C@H](C)c2cccc(C(F)(F)F)c2)c2cc(C3CCN(CC(=O)O)CC3)ccc2n1
CHEMBL4519925,2.0,8.7,407,COc1cc2nc(C)nc(N[C@H](C)c3cc(N)cc(C(F)(F)F)c3C)c2cc1[C@H]1CC[C@H](C(=O)N(C)C[C@@H](C)O)CC1
CHEMBL4521039,41.0,7.39,390,COc1cc2nc(C)nc(N[C@H](C)c3cccc(C(F)(F)F)c3)c2cc1[C@]1(O)CC[C@H](C(=O)N(C)C[C@H](C)O)CC1
CHEMBL4521440,48600.0,4.31,529,O=C1Oc2ccccc2C(=O)/C1=C\N1C(=O)/C(=C/c2ccccc2O)NC1=S
CHEMBL4524148,21.0,7.68,265,COCC(=O)N1CCC(c2cc(C)c3nc(C)nc(N[C@H](C)c4cccc(C)c4)c3c2)CC1
CHEMBL4524303,22.0,7.66,483,Cc1nc(N[C@H](C)c2cccc(C(F)(F)F)c2)c2cc(C3CCNCC3)ccc2n1
CHEMBL4524954,14.0,7.85,757,CC(=O)N1CCC(O)(c2ccc3nc(C)nc(N[C@H](C)c4cccc(C)c4)c3c2)CC1
CHEMBL4528578,23.0,7.64,410,Cc1nc(N[C@H](C)c2cccc(C(F)(F)F)c2)c2cc(C3(O)CCN(C(=O)N(C)C)CC3)ccc2n1
CHEMBL4528666,10.0,8.0,544,CNC(=O)CC(C)c1cc2c(N[C@H](C)c3cccc(C(F)(F)F)c3)nc(C)nc2cc1C
CHEMBL4529467,2.0,8.7,752,COc1cc2nc(C)nc(N[C@H](C)c3cccc(C(F)(F)CO)c3)c2cc1C1=CCC(C(=O)N(C)C)CC1
CHEMBL4530195,10800.0,4.97,242,CC1=CC(=O)/C(=C/N2C(=O)/C(=C/c3cccc(O)c3)SC2=S)C(=O)O1
CHEMBL4532163,2.0,8.7,278,COc1cc2nc(C)nc(N[C@H](C)c3cc(N)cc(C(F)(F)F)c3)c2cc1C1CCN(C(C)=O)CC1
CHEMBL4533406,6.0,8.22,714,Cc1nc(N[C@H](C)c2cc(N)cc(C(F)(F)F)c2)c2cc(-c3ccc(=O)n(C)c3)ccc2n1
CHEMBL4533487,27.0,7.57,200,Cc1nc(N[C@H](C)c2cccc(C(F)(F)F)c2)c2cc([C@]3(O)CC[C@H](C(=O)N(C)C)CC3)ccc2n1
CHEMBL4533661,24.0,7.62,237,CC(=O)N1CCC(c2cc3c(N[C@H](C)c4cccc(C)c4)nc(C)nc3cc2C)CC1
CHEMBL4534063,38600.0,4.41,699,O=C(O)c1cc2c3c(c1)C1C=CCC1C(c1ccc(Cl)cc1)N3CC1CC=CC21
CHEMBL4534547,10.0,8.0,460,Cc1nc(N[C@H](C)c2cc(N)cc(C(F)(F)F)c2)c2cc([C@H]3CC[C@@H](C(=O)N(C)[C@H]4CCOC4)CC3)ccc2n1
CHEMBL4534957,3.0,8.52,214,COCC(=O)N1CC=C(c2ccc3nc(C)nc(N[C@H](C)c4cc(N)cc(C(F)(F)F)c4)c3c2)CC1
CHEMBL4535446,83600.0,4.08,406,COc1ccc(/C=C2\NC(=S)N(/C=C3/C(=O)Oc4ccccc4C3=O)C2=O)cc1OC
CHEMBL4535743,3781.1666666666665,5.42,192,O=C(O)c1ccccc1-c1c2ccc3cc(O)ccc3c2oc2c1ccc1cc(=O)ccc12
CHEMBL4535780,49900.0,4.3,243,NC(=O)C(=CN1C(=O)/C(=C/c2ccc([N+](=O)[O-])cc2)SC1=S)C(N)=O
CHEMBL4536359,6.0,8.22,86,COc1cc2nc(C)nc(N[C@H](C)c3cc(N)cc(C(F)(F)F)c3)c2cc1-c1cnn(CC(=O)N(C)C)c1
CHEMBL4537816,53200.0,4.27,747,COc1ccccc1/C=C1\NC(=S)N(/C=C2/C(=O)Oc3ccccc3C2=O)C1=O
CHEMBL4539190,3.0,8.52,149,Cc1nc(N[C@H](C)c2cc(N)cc(C(F)(F)F)c2)c2cc(C3CCN(C(=O)CN(C)C)CC3)ccc2n1
CHEMBL4539333,18.0,7.74,454,Cc1cccc([C@@H](C)Nc2nc(C)nc3ccc(-c4cc5n(n4)CCC(=O)N5)cc23)c1
CHEMBL4540165,26.0,7.59,391,CC(=O)O[C@H]1CC[C@](O)(c2ccc3nc(C)nc(N[C@H](C)c4cccc(C(F)(F)F)c4)c3c2)CC1
CHEMBL4540213,2.0,8.7,409,Cc1nc(N[C@H](C)c2cc(N)cc(C(F)(F)F)c2)c2cc([C@H]3CC[C@H](C(=O)N4CCOCC4)CC3)ccc2n1
CHEMBL4540709,3.0,8.52,740,COc1cc2nc(C)nc(N[C@H](C)c3cccc(C(F)(F)CO)c3)c2cc1O[C@@H]1CCOC1
CHEMBL4541022,8.0,8.1,262,Cc1nc(N[C@H](C)c2cc(N)cc(C(F)(F)F)c2)c2cc([C@H]3CC[C@@H](C(=O)N(C)C[C@H](C)O)CC3)ccc2n1
CHEMBL4541237,4.0,8.4,109,COc1cc2nc(C)nc(N[C@H](C)c3cc(N)cc(C(F)(F)F)c3)c2cc1-c1ccc(C(=O)N(C)CCO)nc1
CHEMBL4541856,47.0,7.33,543,COc1cc2nc(C)nc(N[C@H](C)c3cccc(S(C)(=O)=O)c3)c2cc1O[C@H]1CCOC1
CHEMBL4541922,4.0,8.4,85,COCC(=O)N1CCC(O)(c2cc3c(N[C@H](C)c4cccc(C(F)(F)F)c4F)nc(C)nc3cc2OC)CC1
CHEMBL4544247,9.0,8.05,264,CCn1cc(-c2cc3c(N[C@H](C)c4cc(N)cc(C(F)(F)F)c4)nc(C)nc3cc2OC)ccc1=O
CHEMBL4545115,5.0,8.3,614,Cc1nc(N[C@H](C)c2cc(N)cc(C(F)(F)F)c2)c2cc([C@H]3CC[C@H](C(=O)N(C)[C@@H]4CCOC4)CC3)ccc2n1
CHEMBL4545778,3.0,8.52,276,Cc1nc(N[C@H](C)c2cc(N)cc(C(F)(F)F)c2)c2cc([C@H]3CC[C@H](C(=O)N(C)C[C@@H](C)O)CC3)ccc2n1
CHEMBL4545944,4.0,8.4,414,COc1cc2nc(C)nc(N[C@H](C)c3cccc(C(F)(F)F)c3)c2cc1C1(O)CCN(C(C)=O)CC1
CHEMBL4546191,4.0,8.4,505,Cc1nc(N[C@H](C)c2cc(N)cc(C(F)(F)F)c2)c2cc(-c3ccc(=O)n(C)c3)c(C)cc2n1
CHEMBL4546387,8.0,8.1,685,Cc1nc(N[C@H](C)c2cc(N)cc(C(F)(F)F)c2)c2cc(-c3cnn(CC(=O)N(C)C)c3)ccc2n1
CHEMBL4546881,7.0,8.15,239,COc1cc2nc(C)nc(N[C@H](C)c3cccc(C(F)(F)F)c3C)c2cc1[C@H]1CC[C@H](C(=O)N(C)C)CC1
CHEMBL4547816,38.0,7.42,481,COc1cc2nc(C)nc(N[C@H](C)c3cc(N)cc(C(F)(F)F)c3C)c2cc1[C@H]1CC[C@@H](C(=O)N(C)C)CC1
CHEMBL4547916,45300.0,4.34,528,O=C1Oc2ccccc2C(=O)/C1=C\N1C(=O)/C(=C/c2ccccc2)NC1=S
CHEMBL4548261,38.0,7.42,2,CNC(=O)CC(C)c1ccc2nc(C)nc(N[C@H](C)c3cccc(C(F)(F)F)c3)c2c1
CHEMBL4550237,20.0,7.7,151,Cc1cccc([C@@H](C)Nc2nc(C)nc3ccc(C4CCS(=N)(=O)CC4)cc23)c1
CHEMBL4550683,38.0,7.42,507,Cc1cccc([C@@H](C)Nc2nc(C)nc3ccc(C4CCNCC4)cc23)c1
CHEMBL4550769,2.0,8.7,283,COCCN1CCN(C(=O)[C@H]2CC[C@H](c3ccc4nc(C)nc(N[C@H](C)c5cc(N)cc(C(F)(F)F)c5)c4c3)CC2)CC1
CHEMBL4551314,16100.0,4.79,748,CCCCCC1CCN2c3c1cc(C(=O)O)cc3C1C=CCC1C2c1ccc(Br)cc1
CHEMBL4551407,3.0,8.52,387,COc1cc2nc(C)nc(N[C@H](C)c3cccc(C(F)(F)CO)c3)c2cc1O[C@H]1CCOC1
CHEMBL4551748,5.0,8.3,448,CCn1ccc(-c2cc3c(N[C@H](C)c4cc(N)cc(C(F)(F)F)c4)nc(C)nc3cc2C)cc1=O
CHEMBL4552865,10.0,8.0,212,Cc1cccc([C@@H](C)Nc2nc(C)nc3cc(C)c(C4CCN(CC(=O)O)CC4)cc23)c1
CHEMBL4552956,3.0,8.52,275,Cc1nc(N[C@H](C)c2cc(N)cc(C(F)(F)F)c2)c2cc([C@H]3CC[C@H](C(=O)N(C)CCO)CC3)ccc2n1
CHEMBL4552980,17.0,7.77,211,CC(=O)N1CCC(c2ccc3nc(C)nc(N[C@H](C)c4cccc(C(F)(F)F)c4)c3c2)CC1
CHEMBL4554249,2.0,8.7,347,Cc1nc(N[C@H](C)c2cc(N)cc(C(F)(F)F)c2)c2cc([C@H]3CC[C@H](C(=O)N(C)C)CC3)c(C)cc2n1
CHEMBL4554806,8.0,8.1,236,Cc1nc(N[C@H](C)c2cccc(C(F)(F)F)c2F)c2cc([C@]3(O)CC[C@@H](O)CC3)ccc2n1
CHEMBL4555192,2.0,8.7,233,COc1cc2nc(C)nc(N[C@H](C)c3cccc(C(F)(F)F)c3F)c2cc1C1(O)CCN(C(C)=O)CC1
CHEMBL4555880,7.0,8.15,269,Cc1nc(N[C@H](C)c2cccc(C(F)(F)F)c2)c2cc([C@H]3CC[C@H](C(=O)N(C)C)CC3)ccc2n1
CHEMBL4557066,9.0,8.05,756,Cc1nc(N[C@H](C)c2cc(N)cc(C(F)(F)F)c2)c2cc([C@H]3CC[C@@H](C(=O)N(C)[C@@H]4CCOC4)CC3)ccc2n1
CHEMBL4557299,9.0,8.05,388,Cc1nc(N[C@H](C)c2cc(N)cc(C(F)(F)F)c2)c2cc(-c3ccc(=O)[nH]c3)ccc2n1
CHEMBL4557571,49.0,7.31,255,COCCN(C)C(=O)[C@H]1CC[C@@H](c2cc3c(N[C@H](C)c4cc(N)cc(C(F)(F)F)c4)nc(C)nc3cc2OC)CC1
CHEMBL4557641,2.0,8.7,40,COc1cc2nc(C)nc(N[C@H](C)c3cc(N)cc(C(F)(F)F)c3)c2cc1[C@H]1CC[C@H](C(=O)N2CCN(C)CC2)CC1
CHEMBL4558099,22.0,7.66,281,Cc1cccc([C@@H](C)Nc2nc(C)nc3cc(C)c(C4CCN(C(C)C)CC4)cc23)c1
CHEMBL4558440,39800.0,4.4,542,O=C(O)c1cc2c3c(c1)C1C=CCC1C(c1cccc([N+](=O)[O-])c1)N3CC1CC=CC21
CHEMBL4561153,16.0,7.8,545,CONC(=O)CC(C)c1cc2c(N[C@H](C)c3cccc(C(F)(F)F)c3)nc(C)nc2cc1OC
CHEMBL4561259,25000.0,4.6,244,O=[N+]([O-])c1ccccc1/C=C/C=C1c2ccccc2-c2ccccc21
CHEMBL4561965,22.0,7.66,470,Cc1cccc([C@@H](C)Nc2nc(C)nc3ccc(C4CC[S+]([O-])CC4)cc23)c1
CHEMBL4562224,23.0,7.64,346,CC(=O)N1CCC2(CC1)CC(O)(c1ccc3nc(C)nc(N[C@H](C)c4cccc(C(F)(F)F)c4)c3c1)C2
CHEMBL4563461,8.0,8.1,127,Cc1nc(N[C@H](C)c2cc(N)cc(C(F)(F)F)c2)c2cc([C@H]3CC[C@H](O)CC3)ccc2n1
CHEMBL4563866,12.0,7.92,446,Cc1nc(N[C@H](C)c2cccc(C(F)(F)F)c2)c2cc(C(C)CC(=O)NC3CC3)c(C)cc2n1
CHEMBL4564198,40.0,7.4,82,Cc1nc(N[C@H](C)c2cccc(C(F)(F)F)c2)c2cc(-c3ccc(=O)n(CC(N)=O)c3)ccc2n1
CHEMBL4564282,20.0,7.7,238,COCC(=O)N1CCC(c2cc3c(N[C@H](C)c4cccc(C)c4)nc(C)nc3cc2OC)CC1
CHEMBL4564552,18.0,7.74,267,COCCN1CCN(C(=O)[C@H]2CC[C@@H](c3cc4c(N[C@H](C)c5cc(N)cc(C(F)(F)F)c5F)nc(C)nc4cc3OC)CC2)CC1
CHEMBL4565777,5.0,8.3,628,COc1cc2nc(C)nc(N[C@H](C)c3cccc(C(F)(F)F)c3C)c2cc1[C@H]1CC[C@H](C(=O)N(C)CCO)CC1
CHEMBL4565839,42.0,7.38,301,Cc1nc(N[C@H](C)c2cccc(C(F)(F)F)c2)c2cc(C(C)CC(=O)NCC(F)(F)F)c(C)cc2n1
CHEMBL4567663,39.0,7.41,163,Cc1nc(N[C@H](C)c2cccc(Cl)c2)c2cc(C3=CCNCC3)ccc2n1
CHEMBL4570224,30.0,7.52,199,Cc1nc(N[C@H](C)c2cccc(C(F)(F)F)c2)c2cc(-c3cc4n(n3)CCC(=O)N4)ccc2n1
CHEMBL4571098,3.0,8.52,125,COc1cc2nc(C)nc(N[C@H](C)c3cccc(C(F)(F)CO)c3)c2cc1C1CCOCC1
CHEMBL4571606,7.0,8.15,755,COCCN1CCN(C(=O)[C@H]2CC[C@@H](c3ccc4nc(C)nc(N[C@H](C)c5cc(N)cc(C(F)(F)F)c5)c4c3)CC2)CC1
CHEMBL4571785,25.0,7.6,633,Cc1nc(N[C@H](C)c2cccc(C(F)(F)F)c2)c2cc(-c3ccc(=O)n(C)c3)c(C)cc2n1
CHEMBL4572076,5.0,8.3,598,COc1cc2nc(C)nc(N[C@H](C)c3cc(N)cc(C(F)(F)F)c3F)c2cc1O[C@H]1CCOC1
CHEMBL4572414,5.0,8.3,449,Cc1nc(N[C@H](C)c2cc(N)cc(C(F)(F)F)c2)c2cc([C@H]3CC[C@H](C(=O)N4CCN(C)CC4)CC3)cc(C)c2n1
CHEMBL4572664,6.0,8.22,263,Cc1nc(N[C@H](C)c2cc(N)cc(C(F)(F)F)c2)c2cc(C3CCS(=O)(=O)CC3)cc(C)c2n1
CHEMBL4572787,6.0,8.22,216,COc1cc2nc(C)nc(N[C@H](C)c3cc(N)cc(C(F)(F)F)c3)c2cc1O[C@@H]1CCOC1
CHEMBL4572922,35.0,7.46,232,COc1cc2nc(C)nc(N[C@H](C)c3cc(N)cc(C(F)(F)F)c3F)c2cc1[C@H]1CC[C@@H](C(=O)N(C)C)CC1
CHEMBL4573129,19892.43,4.7,91,O=C(O)c1cc2c3c(c1)C1C=CCC1C(c1ccccc1Cl)N3CC1CC=CC21
CHEMBL4575386,8.0,8.1,42,COc1cc2nc(C)nc(N[C@H](C)c3cc(N)cc(C(F)(F)F)c3)c2cc1-c1ccc(=O)n(C)c1
CHEMBL4575645,15.0,7.82,241,CCN(C)C(=O)[C@H]1CC[C@@H](c2ccc3nc(C)nc(N[C@H](C)c4cc(N)cc(C(F)(F)F)c4)c3c2)CC1
CHEMBL4579517,37.0,7.43,742,Cc1nc(N[C@H](C)c2cccc(C(F)(F)F)c2)c2cc(-c3ccn(CC(=O)N(C)C)c(=O)c3)ccc2n1
CHEMBL4579770,5.0,8.3,111,COCC(=O)N1CCC(O)(c2cc3c(N[C@H](C)c4cccc(C(F)(F)F)c4)nc(C)nc3cc2OC)CC1
CHEMBL4582002,38.0,7.42,630,Cc1nc(N[C@H](C)c2cccc(C(F)(F)F)c2)c2cc([C@H]3CC[C@H](C(=O)N(C)C4COC4)CC3)ccc2n1
CHEMBL4582516,3.0,8.52,121,COCC(=O)N1CCC(c2cc3c(N[C@H](C)c4cc(N)cc(C(F)(F)F)c4)nc(C)nc3cc2OC)CC1
CHEMBL4582622,8.0,8.1,286,Cc1nc(N[C@H](C)c2cc(N)cc(C(F)(F)F)c2)c2cc([C@H]3CC[C@@H](C(=O)N4CCOCC4)CC3)ccc2n1
CHEMBL4583121,35.0,7.46,546,Cc1nc(N[C@H](C)c2cccc(C(F)(F)F)c2)c2cc(-c3ccc(=O)n(CC(=O)O)c3)ccc2n1
CHEMBL4583324,10.0,8.0,160,Cc1nc(N[C@H](C)c2cc(N)cc(C(F)(F)F)c2)c2cc([C@H]3CC[C@@H](C(=O)N(C)C)CC3)ccc2n1
CHEMBL4583745,43.0,7.37,469,Cc1cccc([C@@H](C)Nc2nc(C)nc3ccc(C4CCOCC4)cc23)c1
CHEMBL4584280,2.0,8.7,266,COCCN1CCN(C(=O)[C@H]2CC[C@H](c3cc4c(N[C@H](C)c5cc(N)cc(C(F)(F)F)c5F)nc(C)nc4cc3OC)CC2)CC1
CHEMBL4584919,7.0,8.15,459,Cc1nc(N[C@H](C)c2cc(N)cc(C(F)(F)F)c2F)c2cc(C3CCS(=O)(=O)CC3)ccc2n1
CHEMBL4585263,9.0,8.05,108,COCCN(C)C(=O)[C@H]1CC[C@@H](c2ccc3nc(C)nc(N[C@H](C)c4cc(N)cc(C(F)(F)F)c4)c3c2)CC1
CHEMBL4585988,3.0,8.52,197,COCC(=O)N1CCC(c2cc3c(N[C@H](C)c4cc(N)cc(C(F)(F)F)c4F)nc(C)nc3cc2OC)CC1
CHEMBL4586636,26.0,7.59,447,Cc1nc(N[C@H](C)c2cccc(C(F)(F)F)c2)c2cc(-c3ccc(=O)n(CC(=O)N(C)C)c3)ccc2n1
CHEMBL4586874,2.0,8.7,540,COc1cc2nc(C)nc(N[C@H](C)c3cc(N)cc(C(F)(F)F)c3C)c2cc1[C@H]1CC[C@@H](C(=O)N(C)CCO)CC1
CHEMBL4587128,13.0,7.89,150,COc1cc2nc(C)nc(N[C@H](C)c3cccc(C(C)O)c3)c2cc1[C@H]1CC[C@H](C(=O)N(C)C)CC1
CHEMBL4588008,2.0,8.7,158,COc1cc2nc(C)nc(N[C@H](C)c3cc(N)cc(C(F)(F)F)c3C)c2cc1[C@H]1CC[C@H](C(=O)N(C)CCO)CC1
CHEMBL4588358,37.0,7.43,268,COc1cc2nc(C)nc(N[C@H](C)c3cccc(C(F)(F)F)c3)c2cc1-c1ccc(C(=O)N2CCOCC2)cc1
CHEMBL4590891,10.0,8.0,412,Cc1nc(N[C@H](C)c2cc(N)cc(C(F)(F)F)c2)c2cc([C@H]3CC[C@@H](C(=O)N(C)CC(C)(C)O)CC3)ccc2n1
CHEMBL4593376,2.0,8.7,624,Cc1nc(N[C@H](C)c2cc(N)cc(C(F)(F)F)c2)c2cc([C@H]3CC[C@H](C(=O)N(C)C[C@H](C)O)CC3)ccc2n1
CHEMBL4632422,73400.0,4.13,88,NS(=O)(=O)c1ccc(Oc2ccc(F)c(Cl)c2)c(CN2CC3(CCNCC3)C2)c1
CHEMBL4633313,14200.0,4.85,339,NS(=O)(=O)c1ccc(Nc2ccc(F)c(F)c2)cc1
CHEMBL4633640,13300.0,4.88,397,NS(=O)(=O)c1ccc(Oc2ccc(F)c(Cl)c2)c(CN2CCCC2)c1
CHEMBL4633830,1900000.0,2.72,65,Clc1ccc2nc(CN3CCNCC3)oc2c1
CHEMBL4634502,69200.0,4.16,321,NS(=O)(=O)c1ccc(Nc2ccc(F)cc2F)cc1
CHEMBL4634758,24500.0,4.61,325,NS(=O)(=O)c1ccc(Oc2ccc(F)c(Cl)c2)c(CN2CC3CNCC3C2)c1
CHEMBL4634878,19100.0,4.72,437,NS(=O)(=O)c1ccc(Nc2ccc(F)c(F)c2)c(CN2CCNCC2)c1
CHEMBL4634938,87100.0,4.06,777,NS(=O)(=O)c1ccc(Oc2ccc(F)c(Cl)c2)c(CN2CCCCC2)c1
CHEMBL4635376,8100.0,5.09,342,NC1CN(Cc2cc(S(N)(=O)=O)ccc2Oc2ccc(F)c(Cl)c2)C1
CHEMBL4635871,1200000.0,2.92,324,Cc1nc([N+](=O)[O-])cn1Cc1ccc(F)cc1
CHEMBL4636057,85300.0,4.07,772,NS(=O)(=O)c1ccc(Oc2ccc(F)c(F)c2)cc1
CHEMBL4636993,2915.0,5.54,322,NCCc1cc(S(N)(=O)=O)ccc1Oc1ccc(F)c(Cl)c1
CHEMBL4637104,28400.0,4.55,344,COCCN1CCN(Cc2cc(S(N)(=O)=O)ccc2Oc2ccc(F)c(Cl)c2)CC1
CHEMBL4637232,63400.0,4.2,147,NCCCN1CCN(Cc2cc(S(N)(=O)=O)ccc2Oc2ccc(F)c(Cl)c2)CC1
CHEMBL4637327,96400.0,4.02,164,Cc1cc(Nc2ccc(S(N)(=O)=O)cc2)cc(C)c1F
CHEMBL4637977,1400000.0,2.85,250,CCn1nnnc1NCc1cccc2ccccc12
CHEMBL4638123,79800.0,4.1,0,NS(=O)(=O)c1ccc(Oc2ccc(F)c(Cl)c2)c(CN2CCN(C3CNC3)CC2)c1
CHEMBL4638517,86400.0,4.06,107,NS(=O)(=O)c1ccc(Oc2ccc(F)cc2)cc1
CHEMBL4638738,3215.0,5.49,248,NS(=O)(=O)c1ccc(Oc2ccc(F)c(Cl)c2)c(CN2CCC3(CCNCC3)C2)c1
CHEMBL4639675,6510.0,5.19,722,CN1CCN(Cc2cc(S(N)(=O)=O)ccc2Oc2ccc(F)c(Cl)c2)CC1
CHEMBL4641303,80300.0,4.1,554,CC(C)N1CCN(Cc2cc(S(N)(=O)=O)ccc2Oc2ccc(F)c(Cl)c2)CC1
CHEMBL4641882,600000.0,3.22,436,NS(=O)(=O)c1ccc(Oc2ccccc2)cc1
CHEMBL4641887,24500.0,4.61,547,NS(=O)(=O)c1ccc(Nc2cc(F)cc(F)c2)cc1
CHEMBL4642238,10100.0,5.0,112,NS(=O)(=O)c1ccc(Oc2ccc(F)c(F)c2)c(CN2CCNCC2)c1
CHEMBL4643768,74600.0,4.13,394,NS(=O)(=O)c1ccc(Oc2ccc(F)c(Cl)c2)cc1
CHEMBL4643912,6785.0,5.17,395,NS(=O)(=O)c1ccc(Oc2ccc(F)c(Cl)c2)c(CN2CCN(C3COC3)CC2)c1
CHEMBL4644031,23000.0,4.64,778,NS(=O)(=O)c1ccc(Oc2ccc(F)c(Cl)c2)c(CN2CCN(C3CC3)CC2)c1
CHEMBL4644134,7360.0,5.13,639,NS(=O)(=O)c1ccc(Oc2ccc(F)c(Cl)c2)c(CN2CCNCC2)c1
CHEMBL4645078,89400.0,4.05,773,NS(=O)(=O)c1ccc(Nc2ccc(F)c(Cl)c2)cc1
CHEMBL4645686,30500.0,4.52,393,NS(=O)(=O)c1ccc(Oc2ccc(F)c(Cl)c2)c(CN2CCN(C3CCCC3)CC2)c1
CHEMBL4647579,62000.0,4.21,465,CN(C)Cc1cc(S(N)(=O)=O)ccc1Oc1ccc(F)c(Cl)c1
CHEMBL4647648,730000.0,3.14,249,CNCc1ccc(-c2cccc(Cl)c2)o1
CHEMBL4648789,9210.0,5.04,80,NS(=O)(=O)c1ccc(Oc2ccc(F)c(Cl)c2)c(CC2CNC2)c1
CHEMBL4648876,16400.0,4.79,67,NCCN1CCN(Cc2cc(S(N)(=O)=O)ccc2Oc2ccc(F)c(Cl)c2)CC1
CHEMBL4649512,3920.0,5.41,295,NS(=O)(=O)c1ccc(Oc2ccc(F)c(Cl)c2)c(CN2CCN(CCO)CC2)c1
CHEMBL64880,8600.0,5.07,136,Cc1cc2nc(N3CCNCC3)n(Cc3ccccc3)c2cc1C
